adult,backdrop_path,genre_ids,id,original_language,original_title,overview,popularity,poster_path,release_date,title,video,vote_average,vote_count
False,/gMQibswELoKmB60imE7WFMlCuqY.jpg,"[27, 53, 9648]",1034541,en,Terrifier 3,"Five years after surviving Art the Clown's Halloween massacre, Sienna and Jonathan are still struggling to rebuild their shattered lives. As the holiday season approaches, they try to embrace the Christmas spirit and leave the horrors of the past behind. But just when they think they're safe, Art returns, determined to turn their holiday cheer into a new nightmare. The festive season quickly unravels as Art unleashes his twisted brand of terror, proving that no holiday is safe.",6883.159,/63xYQj1BwRFielxsBDXvHIJyXVm.jpg,2024-10-09,Terrifier 3,False,7.3,586
False,/3V4kLQg0kSqPLctI5ziYWabAZYF.jpg,"[878, 28, 12]",912649,en,Venom: The Last Dance,"Eddie and Venom are on the run. Hunted by both of their worlds and with the net closing in, the duo are forced into a devastating decision that will bring the curtains down on Venom and Eddie's last dance.",5590.757,/k42Owka8v91trK1qMYwCQCNwJKr.jpg,2024-10-22,Venom: The Last Dance,False,6.72,473
False,/4zlOPT9CrtIX05bBIkYxNZsm5zN.jpg,"[16, 878, 10751]",1184918,en,The Wild Robot,"After a shipwreck, an intelligent robot called Roz is stranded on an uninhabited island. To survive the harsh environment, Roz bonds with the island's animals and cares for an orphaned baby goose.",4321.421,/wTnV3PCVW5O92JMrFvvrRcV39RU.jpg,2024-09-12,The Wild Robot,False,8.5,2373
False,/oPUOpnl3pqD8wuidjfUn17mO1yA.jpg,"[16, 878, 12, 10751]",698687,en,Transformers One,"The untold origin story of Optimus Prime and Megatron, better known as sworn enemies, but once were friends bonded like brothers who changed the fate of Cybertron forever.",2550.704,/iHPIBzrjJHbXeY9y7VVbEVNt7LW.jpg,2024-09-11,Transformers One,False,8.2,530
False,/9oYdz5gDoIl8h67e3ccv3OHtmm2.jpg,"[18, 27, 878]",933260,en,The Substance,"Have you ever dreamt of a better version of yourself? You, only better in every way. You should try this new product, it's called The Substance. IT CHANGED MY LIFE.",2881.789,/lqoMzCcZYEFK729d6qzt349fB4o.jpg,2024-09-07,The Substance,False,7.319,1370
False,/uGmYqxh8flqkudioyFtD7IJSHxK.jpg,"[18, 80, 53]",889737,en,Joker: Folie à Deux,"While struggling with his dual identity, Arthur Fleck not only stumbles upon true love, but also finds the music that's always been inside him.",2614.505,/if8QiqCI7WAGImKcJCfzp6VTyKA.jpg,2024-10-01,Joker: Folie à Deux,False,5.688,1339
False,/6vn6K9oX82i6E86ZiHVxqVEMQqP.jpg,"[878, 27]",945961,en,Alien: Romulus,"While scavenging the deep ends of a derelict space station, a group of young space colonizers come face to face with the most terrifying life form in the universe.",1992.724,/b33nnKl1GSFbao4l3fZDDqsMx0F.jpg,2024-08-13,Alien: Romulus,False,7.3,2130
False,/p5ozvmdgsmbWe0H8Xk7Rc8SCwAB.jpg,"[16, 10751, 12, 35, 18]",1022789,en,Inside Out 2,"Teenager Riley's mind headquarters is undergoing a sudden demolition to make room for something entirely unexpected: new Emotions! Joy, Sadness, Anger, Fear and Disgust, who’ve long been running a successful operation by all accounts, aren’t sure how to feel when Anxiety shows up. And it looks like she’s not alone.",1676.036,/vpnVM9B6NMmQpWeZvzLvDESb2QY.jpg,2024-06-11,Inside Out 2,False,7.6,4590
False,/VuukZLgaCrho2Ar8Scl9HtV3yD.jpg,"[878, 28]",335983,en,Venom,"Investigative journalist Eddie Brock attempts a comeback following a scandal, but accidentally becomes the host of Venom, a violent, super powerful alien symbiote. Soon, he must rely on his newfound powers to protect the world from a shadowy organization looking for a symbiote of their own.",1917.653,/2uNW4WbgBXL25BAbXGLnLqX71Sw.jpg,2018-09-28,Venom,False,6.835,15878
False,/llIXQAndg5kB6SWlp6ouUdO7Zxd.jpg,"[12, 36, 28, 18, 10749, 53]",1084736,fr,Le Comte de Monte-Cristo,"Edmond Dantes becomes the target of a sinister plot and is arrested on his wedding day for a crime he did not commit. After 14 years in the island prison of Château d’If, he manages a daring escape. Now rich beyond his dreams, he assumes the identity of the Count of Monte-Cristo and exacts his revenge on the three men who betrayed him.",2126.371,/r7iCXrXmq4hKpB4QfDzZd8vsJ7l.jpg,2024-06-28,The Count of Monte-Cristo,False,8.3,732
False,/yDHYTfA3R0jFYba16jBB1ef8oIt.jpg,"[28, 35, 878]",533535,en,Deadpool & Wolverine,"A listless Wade Wilson toils away in civilian life with his days as the morally flexible mercenary, Deadpool, behind him. But when his homeworld faces an existential threat, Wade must reluctantly suit-up again with an even more reluctant Wolverine.",1885.377,/8cdWjvZQUExUUTzyp4t6EDMubfO.jpg,2024-07-24,Deadpool & Wolverine,False,7.707,5027
False,/vIgyYkXkg6NC2whRbYjBD7eb3Er.jpg,"[878, 28, 12]",580489,en,Venom: Let There Be Carnage,"After finding a host body in investigative reporter Eddie Brock, the alien symbiote must face a new enemy, Carnage, the alter ego of serial killer Cletus Kasady.",1488.305,/1MJNcPZy46hIy2CmSqOeru0yr5C.jpg,2021-09-30,Venom: Let There Be Carnage,False,6.799,10102
False,/askg3SMvhqEl4OL52YuvdtY40Yb.jpg,"[10751, 16, 10402, 12]",354912,en,Coco,"Despite his family’s baffling generations-old ban on music, Miguel dreams of becoming an accomplished musician like his idol, Ernesto de la Cruz. Desperate to prove his talent, Miguel finds himself in the stunning and colorful Land of the Dead following a mysterious chain of events. Along the way, he meets charming trickster Hector, and together, they set off on an extraordinary journey to unlock the real story behind Miguel's family history.",1121.64,/gGEsBPAijhVUFoiNpgZXqRVWJt2.jpg,2017-10-27,Coco,False,8.2,19388
False,/9s9o9RT9Yj6nDuRJjnJm78WFoFl.jpg,"[28, 27, 53, 878]",1051896,en,Arcadian,"In the near future, on a decimated Earth, Paul and his twin sons face terror at night when ferocious creatures awaken. When Paul is nearly killed, the boys come up with a plan for survival, using everything their father taught them to keep him alive.",1844.021,/spWV1eRzlDxvai8LbxwAWR0Vst4.jpg,2024-04-12,Arcadian,False,6.0,382
False,/uLqNGzJwnj8JKkKuRM2dHWJKCtc.jpg,"[28, 27, 53]",1029235,en,Azrael,"In a world where no one speaks, a devout female hunts down a young woman who has escaped her imprisonment. Recaptured by its ruthless leaders, Azrael is due to be sacrificed to pacify an ancient evil deep within the surrounding wilderness.",1063.12,/qpdFKDvJS7oLKTcBLXOaMwUESbs.jpg,2024-09-27,Azrael,False,6.149,114
False,/lgkPzcOSnTvjeMnuFzozRO5HHw1.jpg,"[16, 10751, 35, 28]",519182,en,Despicable Me 4,"Gru and Lucy and their girls—Margo, Edith and Agnes—welcome a new member to the Gru family, Gru Jr., who is intent on tormenting his dad. Gru also faces a new nemesis in Maxime Le Mal and his femme fatale girlfriend Valentina, forcing the family to go on the run.",1225.064,/wWba3TaojhK7NdycRhoQpsG0FaH.jpg,2024-06-20,Despicable Me 4,False,7.113,2108
False,/csQSGH0QU8D3Ov5YLEYuHep8ihA.jpg,"[53, 12, 28, 878]",1196470,fr,Survivre,A couple celebrates their son’s birthday in the middle of the ocean on their boat. A violent storm hits and it brings up hungry creatures from the depths and they fight for their survival.,1262.118,/7fR3KxswtY8OHHZuOUB9td58CRX.jpg,2024-06-19,Survive,False,5.0,36
False,/naNXYdBzTEb1KwOdi1RbBkM9Zv1.jpg,"[27, 53]",420634,en,Terrifier,A maniacal clown named Art terrorizes three young women on Halloween night and everyone else who stands in his way.,1298.546,/sFaPj5UyIAsiRuIgVl60pCYUzmR.jpg,2018-01-25,Terrifier,False,6.4,2343
False,/begseNUKhZcc05Bc1UggaX5GeES.jpg,"[28, 53, 80]",976734,en,Canary Black,"Top level CIA agent Avery Graves is blackmailed by terrorists into betraying her own country to save her kidnapped husband. Cut off from her team, she turns to her underworld contacts to survive and help locate the coveted intelligence that the kidnappers want.",1301.295,/hhiR6uUbTYYvKoACkdAIQPS5c6f.jpg,2024-10-10,Canary Black,False,6.4,171
False,/9msuazXGWAyl7vhxVFU7e7Bb5Ik.jpg,"[18, 10749]",179387,tl,Heavenly Touch,"Jonard is having trouble making ends meet. His mother is suffering from depression, and he and his sister are forced to quit school in order to take care of her. One day, Jonard meets up his friend Rodel, and Rodel introduces him to the world of massage parlors. Rodel teaches him massage, and brings him to Heavenly Touch, a syndicate-run massage parlor that mostly caters to homosexuals.",1028.191,/ory8WuAqznTE7lfopTSymHpop2t.jpg,2009-05-12,Heavenly Touch,False,6.3,21
False,/6Rjsm5khNaYa4Gnw4iHnGX2E34T.jpg,"[27, 53]",1063877,en,Don't Move,"A grieving woman in a secluded forest encounters a killer who injects her with a paralytic drug. As her body shuts down, her fight for survival begins.",1014.001,/cRDJxdnRb7ikKd6fVJTrGeaL34v.jpg,2024-10-24,Don't Move,False,6.517,360
False,/xi1VSt3DtkevUmzCx2mNlCoDe74.jpg,"[35, 14, 27]",917496,en,Beetlejuice Beetlejuice,"After a family tragedy, three generations of the Deetz family return home to Winter River. Still haunted by Betelgeuse, Lydia's life is turned upside down when her teenage daughter, Astrid, accidentally opens the portal to the Afterlife.",976.081,/kKgQzkUCnQmeTPkyIwHly2t6ZFI.jpg,2024-09-04,Beetlejuice Beetlejuice,False,7.154,1704
False,/cRdA9xjHBbobw4LJFsQ3j1CgpVq.jpg,"[27, 53]",663712,en,Terrifier 2,"A year after the Miles County massacre, Art the Clown is resurrected by a sinister entity. Art returns home, where he must hunt down and destroy teenage Sienna and her younger brother Jonathan on Halloween. As the body count rises, the siblings fight to stay alive while uncovering the true nature of Art's evil intent.",1060.271,/8gLhu8UFPZfH2Hv11JhTZkb9CVl.jpg,2022-10-06,Terrifier 2,False,6.763,1949
False,/zAqBIeO71BFL7bAtP5TFzVjVamy.jpg,"[10749, 18]",1079091,en,It Ends with Us,"When a woman's first love suddenly reenters her life, her relationship with a charming, but abusive neurosurgeon is upended, and she realizes she must learn to rely on her own strength to make an impossible choice for her future.",638.752,/AjV6jFJ2YFIluYo4GQf13AA1tqu.jpg,2024-08-07,It Ends with Us,False,7.2,970
False,/v23fWgJUEt8EMmvn19btIacxP8E.jpg,"[10749, 14, 16]",3933,en,Corpse Bride,"Set in a 19th-century European village, this stop-motion animation feature follows the story of Victor, a young man whisked away to the underworld and wed to a mysterious corpse bride, while his real bride Victoria waits bereft in the land of the living.",718.341,/isb2Qow76GpqYmsSyfdMfsYAjts.jpg,2005-09-12,Corpse Bride,False,7.58,9220
False,/rivlyJuBKNnSgzOU0GkEWIuawjt.jpg,"[28, 18, 53]",991610,nl,Invasie,"When neighboring country Veragua suddenly attacks Curaçao and Aruba, the Dutch government is taken completely by surprise. The conflict escalates rapidly. Three young Navy recruits must figure out what is the right thing to do.",703.683,/s2KE27j9cWDSJKYOg4KxXDwnoiv.jpg,2024-04-11,Invasion,False,4.9,9
False,/epQfhIcfqWgrMhRvnxkVm7EeEpE.jpg,"[878, 27]",1125510,es,El hoyo 2,"After a mysterious leader imposes his law in a brutal system of vertical cells, a new arrival battles against a dubious food distribution method.",732.488,/hf94ySIzdP3KwHau9VSWh7b7Qu2.jpg,2024-09-27,The Platform 2,False,5.652,781
False,/1U7EVGj7Noc26owNOreCTKn59Bd.jpg,[27],86328,en,Terrifier,"After witnessing a brutal murder on Halloween night, a young woman becomes the next target of a maniacal entity.",749.428,/uP5k78WkCVrxrFp4AJflHbC61Ao.jpg,2011-08-09,Terrifier,False,6.274,179
False,/hd1TvTUGjkoYoqvXYfSBpI5Ri9B.jpg,"[16, 28, 12, 878]",1159311,ja,僕のヒーローアカデミア THE MOVIE ユアネクスト,"In a society devastated by the effects of an all-out war between heroes and villains, a mysterious giant fortress suddenly appears, engulfing towns and people one after another. Then, a man reminiscent of All Might, the 'symbol of peace', stands in front of Izuku and his friends...",719.943,/8rdB1wkheEMMqcY8qLAKjCMPcnZ.jpg,2024-08-02,My Hero Academia: You're Next,False,6.8,43
False,/vOwezqxpHjBpA5nJIWbapm9Qtgd.jpg,"[28, 35, 80]",616446,en,Brothers,"A reformed criminal's attempt at going straight is derailed when he reunites with his sanity-testing twin brother on a road trip for the score of a lifetime. Dodging bullets, the law, and an overbearing mother along the way, they must heal their severed family bond before they end up killing each other.",718.142,/Akweo95FGyDpucYVT81h0SbX8Ky.jpg,2024-10-10,Brothers,False,6.269,145
False,/m1MifWpNjOU1g8UfIyNSI2dMFZf.jpg,"[16, 10751, 35, 27]",1371727,en,Sing: Thriller,"Buster Moon dreams up a star-studded spectacle set to Michael Jackson's ""Thriller"" in this animated short featuring characters from the hit ""Sing"" films.",791.279,/i77OInTKcrnRlAozFOaB6D5mk15.jpg,2024-10-16,Sing: Thriller,False,7.4,69
False,/edIAwcl5qGzx2jkY8p5GAemqQCx.jpg,[10749],721173,ko,착한 엄마 3,"Sun-young and Jun-young are living together. However, they have been unable to pay the rent for several months and listen to the pinzan from the landlord. Eventually, after worrying, he goes to Jun-young's father's house and asks for help. But there, the father's new lover, Ji-young, greets them. Sun-young and Jun-young are unable to borrow money and live in the house for the time being. But after that day. Jun-young's father Dae-woong's eyes keep seeing Sun-young's short mini skirt. Ji-young is interested in Jun-young, who is young and manly…",445.285,/s65C2cKJeqbHVQHPOaOcp7asdFv.jpg,2019-08-26,Good Mother 3,False,5.7,15
False,/mpMDztY5OmV7i4ypYpWgqsP4DHs.jpg,"[27, 53]",978796,en,Bagman,"For centuries and across cultures, parents have warned their children of the legendary Bagman, who snatches innocent children and stuffs them into his vile, rotting bag—never to be seen again. Patrick McKee narrowly escaped such an encounter as a boy, which left him with lasting scars throughout his adulthood. Now, Patrick’s childhood tormentor has returned, threatening the safety of his wife Karina and son Jake.",722.15,/hzrvol8K2VWm2BsDTwb8YvRMzIH.jpg,2024-09-20,Bagman,False,6.6,51
False,/cCBdL7v7msKHE0T5lPbaAY8GTJ5.jpg,[27],231001,en,All Hallows' Eve,"While watching two children on Halloween night, a babysitter finds an old VHS tape in the kids' trick or treat bag. The tape features three tales of terror, all linked together by a murderous clown.",642.315,/bSe8CBqK8HkbP6sqZWzcJfQV9Ci.jpg,2013-10-29,All Hallows' Eve,False,5.7,492
False,/Asg2UUwipAdE87MxtJy7SQo08XI.jpg,"[28, 14, 27]",957452,en,The Crow,"Soulmates Eric and Shelly are brutally murdered when the demons of her dark past catch up with them. Given the chance to save his true love by sacrificing himself, Eric sets out to seek merciless revenge on their killers, traversing the worlds of the living and the dead to put the wrong things right.",624.165,/58QT4cPJ2u2TqWZkterDq9q4yxQ.jpg,2024-08-21,The Crow,False,5.8,713
False,/tncbMvfV0V07UZozXdBEq4Wu9HH.jpg,"[28, 35]",573435,en,Bad Boys: Ride or Die,"After their late former Captain is framed, Lowrey and Burnett try to clear his name, only to end up on the run themselves.",621.905,/oGythE98MYleE6mZlGs5oBGkux1.jpg,2024-06-05,Bad Boys: Ride or Die,False,7.493,2292
False,/s3ioaDU8OudHWeg7rIbLyU33iXs.jpg,"[80, 53, 28]",1047373,en,The Silent Hour,"While working a case as an interpreter, a hearing-impaired police detective must confront a group of criminals trying to eliminate a deaf murder witness in her apartment building.",741.265,/j736cRzBtEPCm0nHnpRN1prqiqj.jpg,2024-10-03,The Silent Hour,False,6.347,49
False,/tCKWksaQI8XkAQLVou0AlGab5S6.jpg,"[28, 878]",1144962,en,Transmorphers: Mech Beasts,"20 years after the events of Transmorphers, a newer, more advanced species of alien robot descends on a rebuilt Earth, threatening once again to destroy the planet.",580.71,/oqhaffnQqSzdLrYAQA5W4IdAoCX.jpg,2023-06-09,Transmorphers: Mech Beasts,False,5.448,29
False,/3rxoUVI74z7rTWYSAC2q3Uax2nC.jpg,"[27, 9648]",1100782,en,Smile 2,"About to embark on a new world tour, global pop sensation Skye Riley begins experiencing increasingly terrifying and inexplicable events. Overwhelmed by the escalating horrors and the pressures of fame, Skye is forced to face her dark past to regain control of her life before it spirals out of control.",677.012,/aE85MnPIsSoSs3978Noo16BRsKN.jpg,2024-10-16,Smile 2,False,6.851,268
False,/bkENfmxUY3UYsRLizJAhF5IQPvS.jpg,"[28, 80, 53]",1025596,en,Blood for Dust,"Reckless Ricky makes serious money dealing illegal weapons throughout the tri-state area and loves to flaunt it. Traveling salesman Cliff, covers the same territory Ricky runs guns through. Desperate to find some financial relief for his struggling family, Cliff agrees to partner with Ricky, to commit cross-state drug and gun deliveries for a mid-level American cartel boss John. When a simple exchange turns into a bloodbath after Ricky kills everyone in a territory grab, the pair find themselves in a pressure cooker situation where unlikely drug dealer Cliff must fight as hard as he can to stay alive.",390.025,/nvaCnkl8RilLhVAQXPFei0tqkqW.jpg,2024-04-19,Blood for Dust,False,5.8,45
False,/bkENfmxUY3UYsRLizJAhF5IQPvS.jpg,"[28, 80, 53]",1025596,en,Blood for Dust,"Reckless Ricky makes serious money dealing illegal weapons throughout the tri-state area and loves to flaunt it. Traveling salesman Cliff, covers the same territory Ricky runs guns through. Desperate to find some financial relief for his struggling family, Cliff agrees to partner with Ricky, to commit cross-state drug and gun deliveries for a mid-level American cartel boss John. When a simple exchange turns into a bloodbath after Ricky kills everyone in a territory grab, the pair find themselves in a pressure cooker situation where unlikely drug dealer Cliff must fight as hard as he can to stay alive.",390.025,/nvaCnkl8RilLhVAQXPFei0tqkqW.jpg,2024-04-19,Blood for Dust,False,5.8,45
False,/aFDYcmwEWRiEh58Ri1tMpCUWPBp.jpg,"[10770, 10751, 35, 27, 16]",1354627,en,SpongeBob Squarepants: Kreepaway Kamp,"While at Kamp Koral for a reunion, SpongeBob and the gang are stalked by a mysterious figure lurking in the shadows as campers start disappearing one by one!",501.765,/blRsgsexoBqnjcEJkV8beKAVT6J.jpg,2024-10-10,SpongeBob Squarepants: Kreepaway Kamp,False,7.116,43
False,/hLYH6wbi3Mgscdv2KuYcTdWGlUV.jpg,"[80, 28]",824003,it,Diabolik chi sei?,"Captured by a ruthless gang of bank robbers, foes Diabolik and Ginko find themselves facing certain death. While Eva Kant and Altea forge an unlikely alliance to rescue their lovers, Diabolik reveals his mysterious past to the Inspector.",517.931,/1DAXwi4y941ryPoGbzUlFEEiPAo.jpg,2023-11-30,Diabolik - Who Are You?,False,6.3,96
False,/hPIWQT70wQK6akqfLXByEvr62u0.jpg,"[28, 53, 27, 878]",726139,ko,탈출: 프로젝트 사일런스,"Due to sudden deteriorating weather conditions, visibility on the Airport Bridge is severely impaired, leaving people stranded and at risk of the bridge collapsing due to a series of chain collisions and explosions. Amidst the chaos, the canine subjects ""Echo"" from the military experiment ""Project Silence,"" who were being transported in secret, break free, and all human survivors become targets of relentless attacks.",496.467,/fttoFfKikQMwIoV3UVvlCvBhbUw.jpg,2024-07-11,Project Silence,False,7.0,208
False,,"[18, 10749]",1149912,id,Kelas Bintang - Hot Moms,,476.356,/7dBqZmErtrxN9ghOJoW6SimgDo1.jpg,2023-02-09,Kelas Bintang - Hot Moms,False,6.0,3
False,/lntyt4OVDbcxA1l7LtwITbrD3FI.jpg,"[10749, 18]",1010581,es,Culpa mía,"Noah must leave her city, boyfriend, and friends to move into William Leister's mansion, the flashy and wealthy husband of her mother Rafaela. As a proud and independent 17 year old, Noah resists living in a mansion surrounded by luxury. However, it is there where she meets Nick, her new stepbrother, and the clash of their strong personalities becomes evident from the very beginning.",451.755,/w46Vw536HwNnEzOa7J24YH9DPRS.jpg,2023-06-08,My Fault,False,7.916,3022
False,/p4INKu77iuTG1o1a5N3Y9vqeEGq.jpg,"[27, 53]",1079485,en,Winnie-the-Pooh: Blood and Honey 2,"Five months following the murders, Christopher Robin struggles to maintain a regular life while dealing with PTSD. However, deep within the 100-Acre-Wood, a destructive rage grows as Pooh, Piglet, Owl, and Tigger find their home and their lives endangered after their existence is revealed.",464.854,/2sADrLwMQof6yYmrJRSa04tFZuS.jpg,2024-03-26,Winnie-the-Pooh: Blood and Honey 2,False,6.198,262
False,/hu6bwaSRG8GZwH3yEVtRxrgAnjq.jpg,"[16, 10751, 35, 10402, 10770]",929563,en,Big City Greens the Movie: Spacecation,"When thrill-seeker Cricket tricks his family into taking a ""road trip"" in space, chaos in the cosmos quickly ensues. Despite growing frustrations between Cricket and his dad, Bill, the two must learn to appreciate each other's unique perspectives in order to prevent Big City from being destroyed by an interstellar disaster.",446.604,/wV0nNtlL0nxgse8llRi7SypkCQI.jpg,2024-06-06,Big City Greens the Movie: Spacecation,False,8.2,16
False,/2fxnTXr8NwyTFkunkimJkGkhqfy.jpg,"[18, 28, 27]",1118031,es,Apocalipsis Z: el principio del fin,"When a kind of rabies that transforms people into aggressive creatures spreads across the planet, Manel isolates himself at home with his cat, relying on his wits to survive; but soon they must go out in search of food, by land and by sea, dodging many dangers.",513.814,/hSmOrZl8ON2aJk6xvjNgVQiPdCP.jpg,2024-10-04,Apocalypse Z: The Beginning of the End,False,6.6,159
False,/oBmwaZ3NVa3JyZnv1qCo0znxjUw.jpg,"[80, 27, 53]",1029281,en,Strange Darling,Nothing is what it seems when a twisted one-night stand spirals into a serial killer’s vicious murder spree.,382.742,/kWNCRgt3ocv19bYO0sk7TRuZuFY.jpg,2024-08-22,Strange Darling,False,7.032,187
False,,"[27, 53]",1320786,en,Terrifier 4,Plot TBA. The fourth installment in the Terrifier franchise.,431.229,/2p5KjqH3Qo5JI2u8bUAVopzoekm.jpg,,Terrifier 4,False,0.0,0
False,/tPfXJcXxQ3MHyvhzNsDgsXoyPEM.jpg,"[27, 9648]",1249532,en,Rippy,"Young police officer Maddy is determined to live up to her deceased father's legacy. Her courage is put to the test when locals are found brutally ripped to shreds by the zombie kangaroo. As the undead beast leaves a trail of carnage, Maddy, with the help of her eccentric Uncle Schmitty and resilient Aunt Donna, must embark on a high-stakes battle to save the town.",417.807,/cZ5U4Ae74g29E02JR5oR98RQhiR.jpg,2024-10-25,Rippy,False,4.5,16
False,/5tqkP8NNWdteskVBYPRXE6h82ts.jpg,[18],592695,sv,Pleasure,"19 year old Linnéa leaves her small town in Sweden and heads for Los Angeles with the aim of becoming the world's next big porn star, but the road to her goal turns out to be bumpier than she imagined.",416.976,/7Z2K08J0WantJHNa0vLTOmii41l.jpg,2021-10-08,Pleasure,False,6.2,539
False,/bEJyUUygNSLhe4BPykEHf3hPnsh.jpg,"[28, 53]",1145491,en,Operation Black Ops,"A group of mercenaries are hired to overthrow a Neo-Nazi stronghold nestled deep in the heart of Texas, only to discover they are protecting nuclear codes that could ignite World War III.",415.78,/vMgkjQM2fHirExilsTZWJTqL33G.jpg,2023-07-11,Operation Black Ops,False,5.71,31
False,/xWT5F1DNxciNLEMXRl49iq8zvN7.jpg,"[14, 16, 10751]",9479,en,The Nightmare Before Christmas,"Tired of scaring humans every October 31 with the same old bag of tricks, Jack Skellington, the spindly king of Halloween Town, kidnaps Santa Claus and plans to deliver shrunken heads and other ghoulish gifts to children on Christmas morning. But as Christmas approaches, Jack's rag-doll girlfriend, Sally, tries to foil his misguided plans.",325.729,/oQffRNjK8e19rF7xVYEN8ew0j7b.jpg,1993-10-09,The Nightmare Before Christmas,False,7.8,9458
False,/l8OyAXEp5FKZWmDhqJMbiwAEvz.jpg,"[27, 18]",814889,en,Never Let Go,"As an evil takes over the world beyond their front doorstep, the only protection for a mother and her twin sons is their house and their family’s protective bond.",399.565,/3EpZ2ksjijmdr8BhISP03PYzNFW.jpg,2024-09-18,Never Let Go,False,6.2,168
False,/g1z1ZvYKcmk9EnVOTYXR6vkNjkZ.jpg,"[14, 27, 28]",1087822,en,Hellboy: The Crooked Man,"Hellboy and a rookie BPRD agent get stranded in 1950s rural Appalachia. There, they discover a small community haunted by witches, led by a local devil with a troubling connection to Hellboy's past: the Crooked Man.",459.1,/iz2GabtToVB05gLTVSH7ZvFtsMM.jpg,2024-08-29,Hellboy: The Crooked Man,False,5.4,245
False,/vGaBqgY8YRzQVUbBMPnd5SmYvL7.jpg,"[16, 35]",1329336,en,The Bad Guys: Haunted Heist,The crafty Bad Guys crew embarks on a high-stakes Halloween heist to swipe a priceless amulet from a spooky mansion. What could go wrong?,398.095,/oEJC05CqPugMxC4rFu9r6r6vg6m.jpg,2024-10-02,The Bad Guys: Haunted Heist,False,7.318,74
False,/sLp1vdiIQoLgLYsOb9ebDbBYB7D.jpg,"[12, 35, 14, 28]",1091181,fr,Loups-Garous,"When an old card game comes to life, a family jumps back in time to a medieval village where they must unmask werewolves to secure their return home.",375.057,/uL1dR0L65GZgy3h2gvZcxDu0bRG.jpg,2024-10-22,Family Pack,False,5.7,227
False,/nxxCPRGTzxUH8SFMrIsvMmdxHti.jpg,"[35, 14, 10751]",639720,en,IF,A young girl who goes through a difficult experience begins to see everyone's imaginary friends who have been left behind as their real-life friends have grown up.,378.505,/xbKFv4KF3sVYuWKllLlwWDmuZP7.jpg,2024-05-08,IF,False,7.3,975
False,/4z88bpDf7aqZcYkLDDEIdj8TfZU.jpg,"[16, 10751, 14, 28]",1011985,en,Kung Fu Panda 4,"Po is gearing up to become the spiritual leader of his Valley of Peace, but also needs someone to take his place as Dragon Warrior. As such, he will train a new kung fu practitioner for the spot and will encounter a villain called the Chameleon who conjures villains from the past.",413.496,/kDp1vUBnMpe8ak4rjgl3cLELqjU.jpg,2024-03-02,Kung Fu Panda 4,False,7.091,2662
False,/4mN2sHsGBR7NEQaUU34S6VAnj97.jpg,"[28, 53, 80]",1147710,ko,하이재킹,"Pilots Tae-in and Gyu-sik are set to fly to Gimpo. Under the guidance of flight attendant Ok-soon, passengers are busy boarding. However, shortly after takeoff, a homemade bomb explodes, turning the cabin into chaos.",411.968,/68jNkFi61MQjrJEqj2up5wZ4w5R.jpg,2024-06-21,Hijack 1971,False,6.1,68
False,/l8OyAXEp5FKZWmDhqJMbiwAEvz.jpg,"[27, 18]",814889,en,Never Let Go,"As an evil takes over the world beyond their front doorstep, the only protection for a mother and her twin sons is their house and their family’s protective bond.",399.565,/3EpZ2ksjijmdr8BhISP03PYzNFW.jpg,2024-09-18,Never Let Go,False,6.163,169
False,/vGaBqgY8YRzQVUbBMPnd5SmYvL7.jpg,"[16, 35]",1329336,en,The Bad Guys: Haunted Heist,The crafty Bad Guys crew embarks on a high-stakes Halloween heist to swipe a priceless amulet from a spooky mansion. What could go wrong?,398.095,/oEJC05CqPugMxC4rFu9r6r6vg6m.jpg,2024-10-02,The Bad Guys: Haunted Heist,False,7.3,75
False,/bkENfmxUY3UYsRLizJAhF5IQPvS.jpg,"[28, 80, 53]",1025596,en,Blood for Dust,"Reckless Ricky makes serious money dealing illegal weapons throughout the tri-state area and loves to flaunt it. Traveling salesman Cliff, covers the same territory Ricky runs guns through. Desperate to find some financial relief for his struggling family, Cliff agrees to partner with Ricky, to commit cross-state drug and gun deliveries for a mid-level American cartel boss John. When a simple exchange turns into a bloodbath after Ricky kills everyone in a territory grab, the pair find themselves in a pressure cooker situation where unlikely drug dealer Cliff must fight as hard as he can to stay alive.",390.025,/nvaCnkl8RilLhVAQXPFei0tqkqW.jpg,2024-04-19,Blood for Dust,False,5.8,45
False,/1wP1phHo2CROOqzv7Azs0MT5esU.jpg,"[16, 35, 10751, 12, 28]",748783,en,The Garfield Movie,"Garfield, the world-famous, Monday-hating, lasagna-loving indoor cat, is about to have a wild outdoor adventure! After an unexpected reunion with his long-lost father – scruffy street cat Vic – Garfield and his canine friend Odie are forced from their perfectly pampered life into joining Vic in a hilarious, high-stakes heist.",384.115,/p6AbOJvMQhBmffd0PIv0u8ghWeY.jpg,2024-04-30,The Garfield Movie,False,7.115,1062
False,/cX3Vs8pVD2FbFuFPkF7OMgswmq7.jpg,"[27, 53, 28]",975022,en,You’re Killing Me,"Eden goes to a coveted 'Heaven and Hell' party, hoping to get a letter of recommendation to an elite university from the wealthy parents of her classmate, but the party quickly turns into a fight for her life.",383.214,/tAnwQKYkRlXS6Lgaq5XQ7JqS58x.jpg,2023-04-07,You’re Killing Me,False,5.9,28
False,/oBmwaZ3NVa3JyZnv1qCo0znxjUw.jpg,"[80, 27, 53]",1029281,en,Strange Darling,Nothing is what it seems when a twisted one-night stand spirals into a serial killer’s vicious murder spree.,382.742,/kWNCRgt3ocv19bYO0sk7TRuZuFY.jpg,2024-08-22,Strange Darling,False,7.0,187
False,/nxxCPRGTzxUH8SFMrIsvMmdxHti.jpg,"[35, 14, 10751]",639720,en,IF,A young girl who goes through a difficult experience begins to see everyone's imaginary friends who have been left behind as their real-life friends have grown up.,378.505,/xbKFv4KF3sVYuWKllLlwWDmuZP7.jpg,2024-05-08,IF,False,7.3,975
False,/sLp1vdiIQoLgLYsOb9ebDbBYB7D.jpg,"[12, 35, 14, 28]",1091181,fr,Loups-Garous,"When an old card game comes to life, a family jumps back in time to a medieval village where they must unmask werewolves to secure their return home.",375.057,/uL1dR0L65GZgy3h2gvZcxDu0bRG.jpg,2024-10-22,Family Pack,False,5.7,228
False,/Al127H6f1RXpESdg0MGNL2g8mzO.jpg,"[16, 35, 878]",1359227,en,LEGO Marvel Avengers: Mission Demolition,"A young, aspiring hero and superhero fan inadvertently unleashes a powerful new villain looking to rid the world of the Avengers.",366.973,/k3LGf9afqmUZiAJ9nffBinpOhOI.jpg,2024-10-17,LEGO Marvel Avengers: Mission Demolition,False,6.9,48
False,/vZaIAIX5XcXLsF4jRSp5x7wsRzn.jpg,"[80, 28]",783110,ko,밀수,"During the 1970s, in Kunchon, there were women divers who were able to dive without equipment, including two best friends Choon-ja and Jin-sook, Jin-sook's brother and Hammer. They always collected seafood under water for living. But, as fewer factories started to be built near the beach, the women divers started to have trouble with what they were doing for living. Without any choice, the ship crews decided to join the smuggling business in the water to seek a way for their living. But the smuggling business in their village got too big for Jin-sook's family to handle and the peaceful village was gradually broken.",366.059,/j8Jx4vpBG258jPxd4o0kOLDwTvm.jpg,2023-07-26,Smugglers,False,6.6,45
False,/iHYh4cdO8ylA3W0dUxTDVdyJ5G9.jpg,"[878, 12, 28]",653346,en,Kingdom of the Planet of the Apes,"Several generations following Caesar's reign, apes – now the dominant species – live harmoniously while humans have been reduced to living in the shadows. As a new tyrannical ape leader builds his empire, one young ape undertakes a harrowing journey that will cause him to question all he's known about the past and to make choices that will define a future for apes and humans alike.",361.772,/gKkl37BQuKTanygYQG1pyYgLVgf.jpg,2024-05-08,Kingdom of the Planet of the Apes,False,7.11,3135
False,/1aOPPkXASkd2By3EKIw66Ilx5qF.jpg,"[28, 53]",1094974,en,Take Cover,A burned-out professional sniper finds himself trapped in an all-glass penthouse by a lethal competitor and must find a way to survive and escape with little to no cover between him and the killer.,351.632,/xNLiMNyFzKTL9PVIEulG55Hei8j.jpg,2024-10-04,Take Cover,False,6.737,38
False,/mbc28jv0sj0Q4fk0kcO2zasQkO6.jpg,"[10770, 35, 10749, 18]",1359867,en,The Christmas Charade,"A cautious librarian raised by home security experts finds herself in a real-life adventure when a blind date mix-up leads her into an undercover FBI operation. Forced to pose as the girlfriend of Special Agent Josh, she helps him track down an art thief targeting the Saint Nicholas Ruby at a Christmas Eve charity ball.",350.279,/1jgFIqG7haKpxXnckzTw9pzlG4v.jpg,2024-10-26,The Christmas Charade,False,6.7,5
False,/1fL2S8LKxCVE9KoPRBXeagmBtex.jpg,"[27, 53]",1114513,en,Speak No Evil,"When an American family is invited to spend the weekend at the idyllic country estate of a charming British family they befriended on vacation, what begins as a dream holiday soon warps into a snarled psychological nightmare.",347.874,/fDtkrO2OAF8LKQTdzYmu1Y7lCLB.jpg,2024-09-11,Speak No Evil,False,7.323,838
False,/mKOBdgaEFguADkJhfFslY7TYxIh.jpg,"[28, 878, 35]",365177,en,Borderlands,"Returning to her home planet, an infamous bounty hunter forms an unexpected alliance with a team of unlikely heroes. Together, they battle monsters and dangerous bandits to protect a young girl who holds the key to unimaginable power.",347.457,/3NPUQ6Ywayb5ES2IP1HWrDRt1Gc.jpg,2024-08-07,Borderlands,False,5.863,739
False,/64tinBsds1nVp4wOCgYhMbSgsRW.jpg,"[28, 18, 36]",1075676,ko,"전,란","In the Joseon Dynasty, two friends who grew up together — one the master and one the servant — reunite post-war as enemies on opposing sides.",343.587,/hg9OeaCRSpazrfqYyEFr6BDaZW8.jpg,2024-10-02,Uprising,False,7.256,82
False,/8mjYwWT50GkRrrRdyHzJorfEfcl.jpg,"[28, 12]",558449,en,Gladiator II,"Years after witnessing the death of the revered hero Maximus at the hands of his uncle, Lucius is forced to enter the Colosseum after his home is conquered by the tyrannical Emperors who now lead Rome with an iron fist. With rage in his heart and the future of the Empire at stake, Lucius must look to his past to find strength and honor to return the glory of Rome to its people.",341.074,/2cxhvwyEwRlysAmRH4iodkvo0z5.jpg,2024-11-13,Gladiator II,False,0.0,0
False,/jT4KqFTrR2ofpUUwzKCIn4uYWXp.jpg,"[28, 53]",1331375,en,Dominique,"Dominique, a well-trained assassin, flees from her troubled past in an attempt to begin a new life in South America. However, she soon finds herself in a town plagued with violence and corruption. Facing brutal attacks from the police and mafia, Dominique must decide whether to protect herself or an innocent family that has taken her in.",337.723,/29uKScAbQuKsMEdAn12a6BmvFn7.jpg,2024-10-11,Dominique,False,7.6,23
False,/vGZHjvyAcmD1mHg5kLwITCgh74U.jpg,"[16, 18, 10749, 14]",916192,ja,夏へのトンネル、さよならの出口,"Urashima Tunnel – Once you enter that tunnel, you can get whatever you want, but at a price. Kaoru Tohno, who seems to have an elusive personality and traumatic past, and Anzu Hanashiro, who is struggling to reconcile her ideal image and true-to-heart attitude, team up to investigate the Urashima Tunnel and get what they want. This is an unforgettable summer story of nostalgia and sprinting in a remote countryside.",336.47,/5AGA6pbBKXZTI8k1c6odx30JuQR.jpg,2022-09-09,"The Tunnel to Summer, the Exit of Goodbyes",False,7.7,165
False,/vmzauGqSgx25rzavUbuN6c5Vdfc.jpg,"[16, 12, 35, 10751]",1059264,en,The Inseparables,"The animated buddy movie follows the misadventures of Don, a runaway puppet with boundless imaginations, and DJ Doggy Dog, an abandoned plush looking for a friend, who cross paths in Central Park and team up against all odds for a epic friendship adventure in New York.",332.185,/dmftU2Rnmv9KTteMUwjalOuZHke.jpg,2023-09-01,The Inseparables,False,6.5,34
False,/ncr6KR7bBF8cps6yZKiTAwClpn1.jpg,"[14, 35, 10751]",10439,en,Hocus Pocus,"After 300 years of slumber, three sister witches are accidentally resurrected in Salem on Halloween night, and it is up to three kids and their newfound feline friend to put an end to the witches' reign of terror once and for all.",331.764,/by4D4Q9NlUjFSEUA1yrxq6ksXmk.jpg,1993-07-16,Hocus Pocus,False,7.04,2997
False,/zGLQmrmIB56kMZPnzqReIOBay1B.jpg,"[28, 35, 80]",507241,en,The Killer's Game,"When top hitman Joe Flood is diagnosed with a terminal illness, he decides to take matters into his own hands – by taking a hit out on himself. But when the very hitmen he hired also target his ex-girlfriend, he must fend off an army of assassin colleagues and win back the love of his life before it's too late.",327.759,/4bKlTeOUr5AKrLky8mwWvlQqyVd.jpg,2024-09-12,The Killer's Game,False,6.477,87
False,/xWT5F1DNxciNLEMXRl49iq8zvN7.jpg,"[14, 16, 10751]",9479,en,The Nightmare Before Christmas,"Tired of scaring humans every October 31 with the same old bag of tricks, Jack Skellington, the spindly king of Halloween Town, kidnaps Santa Claus and plans to deliver shrunken heads and other ghoulish gifts to children on Christmas morning. But as Christmas approaches, Jack's rag-doll girlfriend, Sally, tries to foil his misguided plans.",325.729,/oQffRNjK8e19rF7xVYEN8ew0j7b.jpg,1993-10-09,The Nightmare Before Christmas,False,7.8,9458
False,/3DptKbui4zE8qXWv07rh5BIujX3.jpg,[35],1255017,es,Caras vemos,"It follows an unconventional family who find themselves embroiled in a personality swap after little Zoe has a mystical encounter with an ancient god. As a result, each family member finds themselves in the body of another.",322.537,/xohRCoJS9kNKal3MhFBNO3060YR.jpg,2024-08-22,Caras vemos,False,6.9,7
False,/iURqo6oIwbeegIwWXx5qrBsDcPk.jpg,"[10751, 12, 14, 35]",826510,en,Harold and the Purple Crayon,"Inside of his book, adventurous Harold can make anything come to life simply by drawing it. After he grows up and draws himself off the book's pages and into the physical world, Harold finds he has a lot to learn about real life.",320.267,/qtW6bWUEqfPLaD6KnetIlSG4adf.jpg,2024-07-31,Harold and the Purple Crayon,False,7.1,176
False,/vHJlbhsXrZ5yrO2KqCbGSIU6fRX.jpg,"[28, 9648, 878, 53]",198663,en,The Maze Runner,"Set in a post-apocalyptic world, young Thomas is deposited in a community of boys after his memory is erased, soon learning they're all trapped in a maze that will require him to join forces with fellow “runners” for a shot at escape.",318.427,/ode14q7WtDugFDp78fo9lCsmay9.jpg,2014-09-10,The Maze Runner,False,7.188,16921
False,/6XjMwQTvnICBz6TguiDKkDVHvgS.jpg,"[27, 878, 53]",762441,en,A Quiet Place: Day One,"As New York City is invaded by alien creatures who hunt by sound, a woman named Sam fights to survive with her cat.",315.413,/hU42CRk14JuPEdqZG3AWmagiPAP.jpg,2024-06-26,A Quiet Place: Day One,False,6.8,2061
False,/qwK9soQmmJ7kRdjLZVXblw3g7AQ.jpg,"[28, 12, 53, 80]",7451,en,xXx,"Xander Cage is your standard adrenaline junkie with no fear and a lousy attitude. When the US Government ""recruits"" him to go on a mission, he's not exactly thrilled. His mission: to gather information on an organization that may just be planning the destruction of the world, led by the nihilistic Yorgi.",314.323,/xeEw3eLeSFmJgXZzmF2Efww0q3s.jpg,2002-08-09,xXx,False,5.934,4239
False,/2KGxQFV9Wp1MshPBf8BuqWUgVAz.jpg,"[16, 28, 12, 35, 10751]",940551,en,Migration,"After a migrating duck family alights on their pond with thrilling tales of far-flung places, the Mallard family embarks on a family road trip, from New England, to New York City, to tropical Jamaica.",313.645,/ldfCF9RhR40mppkzmftxapaHeTo.jpg,2023-12-06,Migration,False,7.436,1776
False,/r9oTasGQofvkQY5vlUXglneF64Z.jpg,"[28, 35]",1029575,en,The Family Plan,"Dan Morgan is many things: a devoted husband, a loving father, a celebrated car salesman. He's also a former assassin. And when his past catches up to his present, he's forced to take his unsuspecting family on a road trip unlike any other.",311.68,/jLLtx3nTRSLGPAKl4RoIv1FbEBr.jpg,2023-12-14,The Family Plan,False,7.267,1354
False,/7aPrv2HFssWcOtpig5G3HEVk3uS.jpg,"[53, 28]",718821,en,Twisters,"As storm season intensifies, the paths of former storm chaser Kate Carter and reckless social-media superstar Tyler Owens collide when terrifying phenomena never seen before are unleashed. The pair and their competing teams find themselves squarely in the paths of multiple storm systems converging over central Oklahoma in the fight of their lives.",307.725,/pjnD08FlMAIXsfOLKQbvmO0f0MD.jpg,2024-07-10,Twisters,False,7.0,1684
False,/tElnmtQ6yz1PjN1kePNl8yMSb59.jpg,"[16, 12, 10751, 35]",1241982,en,Moana 2,"After receiving an unexpected call from her wayfinding ancestors, Moana journeys alongside Maui and a new crew to the far seas of Oceania and into dangerous, long-lost waters for an adventure unlike anything she's ever faced.",307.008,/yh64qw9mgXBvlaWDi7Q9tpUBAvH.jpg,2024-11-27,Moana 2,False,0.0,0
False,/xjotE7aFdZ0D8aGriYjFOtDayct.jpg,"[14, 12, 28, 10751, 10749]",102651,en,Maleficent,"A beautiful, pure-hearted young woman, Maleficent has an idyllic life growing up in a peaceable forest kingdom, until one day when an invading army threatens the harmony of the land. She rises to be the land's fiercest protector, but she ultimately suffers a ruthless betrayal – an act that begins to turn her heart into stone. Bent on revenge, Maleficent faces an epic battle with the invading King's successor and, as a result, places a curse upon his newborn infant Aurora. As the child grows, Maleficent realizes that Aurora holds the key to peace in the kingdom – and to Maleficent's true happiness as well.",305.36,/bDG3yei6AJlEAK3A5wN7RwFXQ7V.jpg,2014-05-28,Maleficent,False,7.095,13030
False,/4CmxmxgiFdTaNmsscochV9rBcnF.jpg,"[27, 53]",1226578,en,Longlegs,"FBI Agent Lee Harker is assigned to an unsolved serial killer case that takes an unexpected turn, revealing evidence of the occult. Harker discovers a personal connection to the killer and must stop him before he strikes again.",305.258,/5aj8vVGFwGVbQQs26ywhg4Zxk2L.jpg,2024-05-31,Longlegs,False,6.7,1236
False,/8y9mgkTlaEUAtjrHr9akapFd6hQ.jpg,"[27, 9648, 36]",931944,de,Des Teufels Bad,"In 1750 Austria, a deeply religious woman named Agnes has just married her beloved, but her mind and heart soon grow heavy as her life becomes a long list of chores and expectations. Day after day, she is increasingly trapped in a murky and lonely path leading to evil thoughts, until the possibility of committing a shocking act of violence seems like the only way out of her inner prison.",304.568,/ycoXsJomPmPjtCfNweM0UWiTkPY.jpg,2024-03-08,The Devil's Bath,False,6.9,51
False,/co7oxvpWxgd6FZU24DnljDDHYQA.jpg,"[878, 53, 27]",1064028,en,Subservience,"With his wife out sick, a struggling father brings home a lifelike AI, only to have his self-aware new help want everything her new family has to offer... Like the affection of her owner and she'll kill to get it.",304.191,/gBenxR01Uy0Ev9RTIw6dVBPoyQU.jpg,2024-08-15,Subservience,False,6.713,225
False,/veIyxxi5Gs8gvztLEW1Ysb8rrzs.jpg,"[28, 12, 878]",823464,en,Godzilla x Kong: The New Empire,"Following their explosive showdown, Godzilla and Kong must reunite against a colossal undiscovered threat hidden within our world, challenging their very existence – and our own.",303.86,/z1p34vh7dEOnLDmyCrlUVLuoDzd.jpg,2024-03-27,Godzilla x Kong: The New Empire,False,7.156,3752
False,,"[10749, 18]",482600,ko,일본 엄마,"""Innocent face, D-cup breasts and perfect intercourse skills! Son, this is not your girlfriend anymore but your mother!""  Ki-ho brings Yuki from Japan to marry her. However, he starts cheating on her with his ex-girlfriend in Korea.  Min-cheol comforted Yuki and thought of her as his daughter-in-law, but one day he realizes he is looking at her as a woman.  In the end, Yuki and Min-cheol have intercourse without Ki-ho knowing...",302.275,/hq1EaYIqUNrPM3QFYAbnH2UHoX8.jpg,2017-02-09,Japanese Mom,False,6.1,26
False,/9GzQ4bT6gdeq4fKMrzpJLwx40sI.jpg,"[878, 53, 27]",1042657,en,Latency,"When professional gamer Hana, who suffers from acute agoraphobia, receives new equipment that enhances her game, she begins to wonder if it is reading her mind – or controlling it.",300.577,/oeSUxCFa0LFsExzTvuz2wjaObyU.jpg,2024-06-14,Latency,False,5.5,30
False,/wh1IhMWkW7u5c5bkzSGFylF9G8r.jpg,"[28, 80, 53]",1215162,en,Kill 'em All 2,"Phillip and Suzanne are retired from the spy game, living peacefully off the grid. That's until their whereabouts are discovered by Vlad, the vengeful brother of their target from the first film.",299.602,/hgA5hN3NjNNSTXYOmAI6KNKOzbp.jpg,2024-09-24,Kill 'em All 2,False,6.788,113
False,/ulxlhYuVYzDNwnLt49AYjwUUowZ.jpg,[35],1362961,es,Intercambiadas,"One enchanted night, during a meteor shower, young Sebastián made a heartfelt wish: for his loving nanny, Lupe, to become his mother, for her warmth and care were what he longed for, unlike his busy mother, Paola. The stars listened, and in their mysterious way, granted his wish, exchanging the roles of the two women, leading to a whimsical adventure full of unexpected laughs and heartwarming chaos.",299.541,/AnvUGHyV21rJOG9KyJojJNHg3nA.jpg,2024-09-27,Intercambiadas,False,8.1,11
False,/aX1P75MWK5BzjqPh8fR8HQoX27s.jpg,"[18, 35]",1029955,en,Kinds of Kindness,"A triptych fable following a man without choice who tries to take control of his own life; a policeman who is alarmed that his wife who was missing-at-sea has returned and seems a different person; and a woman determined to find a specific someone with a special ability, who is destined to become a prodigious spiritual leader.",298.371,/8mmpltkcG9areafsQHXaURedno3.jpg,2024-05-30,Kinds of Kindness,False,6.6,731
False,/l0YYwVi7tIcuSGc3ssxTL5kfiHi.jpg,"[53, 18]",1364082,en,Hijack '93,"In an effort to dismantle their military-backed government, four men hijack an airplane, leveraging passengers onboard in the name of social change.",294.525,/g7Y1qXuXY6cyf44dBMVRYrx6Uyy.jpg,2024-10-24,Hijack '93,False,5.4,17
False,/x2RS3uTcsJJ9IfjNPcgDmukoEcQ.jpg,"[12, 14, 28]",120,en,The Lord of the Rings: The Fellowship of the Ring,"Young hobbit Frodo Baggins, after inheriting a mysterious ring from his uncle Bilbo, must leave his home in order to keep it from falling into the hands of its evil creator. Along the way, a fellowship is formed to protect the ringbearer and make sure that the ring arrives at its final destination: Mt. Doom, the only place where it can be destroyed.",290.048,/6oom5QYQ2yQTMJIbnvbkBL9cHo6.jpg,2001-12-18,The Lord of the Rings: The Fellowship of the Ring,False,8.417,25077
False,/xKJTWGvheOMMlTHgrjN18KaD9Ra.jpg,"[27, 53]",1174618,en,Alice in Terrorland,"A recently bereaved teenage girl goes to live with her aunt in a secluded woodland house, unaware that sinister forces lurk within.",287.459,/5XJGvr8g9jkmN6KUIOQOj2iE6K4.jpg,2023-12-26,Alice in Terrorland,False,6.015,162
False,/h9YlRHAZWOWtGonllmj6JJg1FrE.jpg,"[28, 12, 16, 10751, 14]",588648,zh,Dragonkeeper,"Set in Han Imperial China, the plot follows the adventures of enslaved girl Ping with ancient dragon Long Danzi. Dragons had been banished from the kingdom. Ping, an orphan, finds one of the last remaining dragon eggs. Palace guards force Ping to run away in order to return the dragon egg to the ocean and save all dragons from extinction. Ping discovers that she is a true Dragonkeeper.",287.319,/ggZGnJLzO3BTu7ysuuIzou3Oex5.jpg,2024-04-11,Dragonkeeper,False,7.346,120
False,/viKEEaaCaZ0hZ2nGuvIEozlLooL.jpg,"[27, 9648, 53]",1023922,en,MaXXXine,"In 1980s Hollywood, adult film star and aspiring actress Maxine Minx finally gets her big break. But as a mysterious killer stalks the starlets of Hollywood, a trail of blood threatens to reveal her sinister past.",286.292,/ArvoFK6nlouZRxYmtIOUzKIrg90.jpg,2024-07-04,MaXXXine,False,6.43,734
False,/wNAhuOZ3Zf84jCIlrcI6JhgmY5q.jpg,"[28, 878, 12]",786892,en,Furiosa: A Mad Max Saga,"As the world fell, young Furiosa is snatched from the Green Place of Many Mothers and falls into the hands of a great Biker Horde led by the Warlord Dementus. Sweeping through the Wasteland they come across the Citadel presided over by The Immortan Joe. While the two Tyrants war for dominance, Furiosa must survive many trials as she puts together the means to find her way home.",284.513,/iADOJ8Zymht2JPMoy3R7xceZprc.jpg,2024-05-22,Furiosa: A Mad Max Saga,False,7.541,3349
False,/p9uplKCEPJq4xGJPJJV46KW1dsA.jpg,"[10749, 18, 35]",1100099,en,We Live in Time,"An up-and-coming chef and a recent divorcée find their lives forever changed when a chance encounter brings them together, in a decade-spanning, deeply moving romance.",283.989,/flSncTaSISRqrqoJ18ZBmThR4Ee.jpg,2024-10-10,We Live in Time,False,8.1,31
False,/okVLmXL5y18dfN2R4ufMZEGaeCd.jpg,"[28, 80, 53, 18]",1160018,hi,किल,"When an army commando finds out his true love is engaged against her will, he boards a New Dehli-bound train in a daring quest to derail the arranged marriage. But when a gang of knife-wielding thieves begin to terrorize innocent passengers on his train, the commando takes them on himself in a death-defying kill-spree to save those around him — turning what should have been a typical commute into an adrenaline-fueled thrill ride.",282.491,/m2zXTuNPkywdYLyWlVyJZW2QOJH.jpg,2024-07-03,Kill,False,7.2,224
False,/en3GU5uGkKaYmSyetHV4csHHiH3.jpg,"[10752, 28, 18]",929590,en,Civil War,"In the near future, a group of war journalists attempt to survive while reporting the truth as the United States stands on the brink of civil war.",280.436,/sh7Rg8Er3tFcN9BpKIPOMvALgZd.jpg,2024-04-10,Civil War,False,6.9,2663
False,/igtm12Wy9EUlxFeyb4v8bRyuYSY.jpg,"[28, 80, 18, 53]",1337309,th,Bangkok Breaking: ฝ่านรกเมืองเทวดา,"When a dedicated rescue worker inadvertently gets caught up in the kidnapping plot of a mogul's tween daughter, he must save her from the clutches of rival gangs hunting them down with unpredictable dangers around every corner.",276.744,/6VeDn4oIeUK4XwjWGWMb6qvMImQ.jpg,2024-09-26,Bangkok Breaking: Heaven and Hell,False,6.646,41
False,/uXDwP5qPhuRyPpQ7WkLbE6t2z5W.jpg,"[35, 28, 80]",877817,en,Wolfs,"Hired to cover up a high-profile crime, a fixer soon finds his night spiralling out of control when he's forced to work with an unexpected counterpart.",275.889,/vOX1Zng472PC2KnS0B9nRfM8aaZ.jpg,2024-09-20,Wolfs,False,6.589,664
False,/n3JeGELHa9V6k9mL81ItMxWLSS6.jpg,"[28, 53, 27]",1129598,en,Prey,A young couple is compelled to leave their Christian missionary station in the Kalahari Desert after being threatened with death by an extremist militant gang. After crashing their aircraft they must battle man and beast for their lives.,274.593,/aOsPclgSiOqhndI2Xp2ksz2g9n6.jpg,2024-03-15,Prey,False,6.352,264
False,/eFlx3fW8FHXOktGa7Tzy57RajtG.jpg,"[18, 10749]",1357459,tl,Tatsulok: Tatlo Magkasalo,"Story about a happily married couple visited by an old friend, who ends up stirring the pot by becoming sexually involved with both the husband and the wife.",272.702,/zcmPxGIBxxsGVyYuzNWPCWjlQ8X.jpg,2024-10-11,Tatsulok: Tatlo Magkasalo,False,6.7,3
False,/hdFIdXwS8FSN2wIsuotjW1mshI0.jpg,"[16, 35, 12, 10751]",831815,en,Saving Bikini Bottom: The Sandy Cheeks Movie,"When Bikini Bottom is scooped from the ocean, scientific squirrel Sandy Cheeks and her pal SpongeBob SquarePants saddle up for Texas to save their town.",269.993,/30YnfZdMNIV7noWLdvmcJS0cbnQ.jpg,2024-10-18,Saving Bikini Bottom: The Sandy Cheeks Movie,False,6.769,26
False,/A7FKjE6jZyCnQRd4bOo7Yo0czLh.jpg,[35],55685,it,Avere vent'anni,"Lia and Tina are two beautiful girls who meet and realize that they have a lot in common. They are both young, beautiful and pissed off, so they decide to hitchhike their way to Rome to find Nazariota's commune, a place to stay for free and have all the sex they want... or so they think. Things don't go as they have planned though, and soon they become involved in prostitution, the police and an aggressive gang.",268.955,/6QXcWnq8Ln0uypX9y1e3r1wEpF.jpg,1978-07-14,To Be Twenty,False,5.8,71
False,/gZWl93sf8AxavYpVT1Un6EF3oCj.jpg,"[80, 53, 18]",475557,en,Joker,"During the 1980s, a failed stand-up comedian is driven insane and turns to a life of crime and chaos in Gotham City while becoming an infamous psychopathic crime figure.",268.513,/udDclJoHjfjb8Ekgsd4FDteOkCU.jpg,2019-10-01,Joker,False,8.149,25604
False,/5IGIFbHmRLWaAvaJ7DYen2jiJHW.jpg,"[53, 9648, 18, 80]",1148172,hi,दो पत्ती,A puzzling investigation leads a no-nonsense cop down a dark path involving the vicious rivalry between twin sisters and the volatile man they both love.,264.73,/cRL004ik3BfI1lNWAxIJyOyMJsY.jpg,2024-10-24,Do Patti,False,6.9,19
False,/wFn1yJnuMOh8M3EonYchPH5XyjC.jpg,"[27, 35]",1308546,en,Carved,"On Halloween 1993, 2 years after a deadly nuclear spill, the staff of a historic pioneer village attraction must work together to survive the attack of a monstrous killer pumpkin set on revenge.",264.192,/9DKH4j80eR4qAcGDoShlUO7D0Is.jpg,2024-10-21,Carved,False,5.109,32
False,/iIvjwrDPQHCU4NjbbKpNs88uk6G.jpg,"[28, 35]",1048241,en,My Spy The Eternal City,"JJ, a veteran CIA agent, reunites with his protégé Sophie, in order to prevent a catastrophic nuclear plot targeting the Vatican.",261.877,/Bf3vCfM94bSJ1saZlyi0UW0e0U.jpg,2024-07-18,My Spy The Eternal City,False,6.635,311
False,/7I6VUdPj6tQECNHdviJkUHD2u89.jpg,"[28, 53, 80]",603692,en,John Wick: Chapter 4,"With the price on his head ever increasing, John Wick uncovers a path to defeating The High Table. But before he can earn his freedom, Wick must face off against a new enemy with powerful alliances across the globe and forces that turn old friends into foes.",259.85,/vZloFAK7NmvMGKE7VkF5UHaz0I.jpg,2023-03-22,John Wick: Chapter 4,False,7.733,6455
False,/tDOVQe5RFwd9l8Es7A0EOqzo011.jpg,"[27, 28, 14, 53]",901060,en,Seven Cemeteries,A recent parolee gets a Mexican witch to resurrect his old posse so that they can help him save a woman's ranch from a ruthless drug lord.,258.954,/jHdmMiS35fN0zLJBXNg3VHLJk9y.jpg,2024-10-11,Seven Cemeteries,False,5.1,6
False,/tqSg1hHiSWhHAhnjDhhevaFGsP0.jpg,"[28, 18]",1066262,en,The Convert,"Munro, a soldier turned lay preacher, comes to New Zealand to minister to the first British colonists, but he is converted by the powerful chief Maianui to serve a different purpose.",258.209,/e5ZqqPlhKstzB4geibpZh38w7Pq.jpg,2024-03-14,The Convert,False,6.2,93
False,/8VS20PnbTc6Aza1ZjCxit9os3KD.jpg,[27],1207898,en,The Jack in the Box: Rises,"When a creepy Jack-in-the-Box is discovered and opened on the grounds of an exclusive girls' school, six brave students soon enter a fight to the finish against the unleashed demon.",256.29,/uLEL4AxKOn6pZQAF3gWXbqSkhIo.jpg,2024-01-18,The Jack in the Box: Rises,False,6.9,135
False,/fagaywgTkMpIdoRLtJF2GvwrqXI.jpg,"[878, 18]",1244880,es,Invasión,Three stories intertwine to form a vision of war in a narrative kaleidoscope that transcends space and time. The seven characters of the play will face their own internal enemies and find the only way to escape in love.,254.559,/poZZC9PNg554tLA4nJWvc3gYIaJ.jpg,2024-06-28,Invasión,False,7.0,2
False,/m5dA4JZsj78EBTa2D6imWOAebwB.jpg,[35],4247,en,Scary Movie,"A familiar-looking group of teenagers find themselves being stalked by a more-than-vaguely recognizable masked killer! As the victims begin to pile up and the laughs pile on, none of your favorite scary movies escape the razor-sharp satire of this outrageously funny parody!",254.24,/fVQFPRuw3yWXojYDJvA5EoFjUOY.jpg,2000-07-07,Scary Movie,False,6.4,6898
False,/AowNXLFNKWDRYBKHLsgTK0T7Bxf.jpg,"[28, 35, 80]",1210794,sv,Strul,"Wrongfully convicted of murder, a clumsy electronics salesman faces police corruption and criminal conspiracies in an attempt to prove his innocence.",254.084,/ildbg7ho14EHbt1fZWAkgqIyPqy.jpg,2024-10-02,Trouble,False,6.9,106
False,/hofnlIyF6bePkgQOpcuRWLvzf15.jpg,"[16, 10751, 14]",14836,en,Coraline,"Wandering her rambling old house in her boring new town, 11-year-old Coraline discovers a hidden door to a strangely idealized version of her life. In order to stay in the fantasy, she must make a frighteningly real sacrifice.",250.543,/4jeFXQYytChdZYE9JYO7Un87IlW.jpg,2009-02-05,Coraline,False,7.9,8014
False,/UJje4GZglCtC8ZtYY8T4jj1RHm.jpg,"[18, 10749]",72808,it,La carne,"A beautiful film which is basically about a man, a piano player, who meets and falls in love with a beautiful and voluptuous woman, who, by some strange procedure, leaves the man unable to move but with a permanent priapism! After some time he becomes sick of it and she relieves his paralysis. Eventually she gets bored and decides to leave, but he can't take it because he loves her…",249.876,/quhlqvkeRZN6tZrDSfJ41en6CDs.jpg,1991-05-09,The Flesh,False,5.4,46
False,/k0hlAzTryCYX1O1LyC6P8tAa8s0.jpg,"[28, 12, 878]",102382,en,The Amazing Spider-Man 2,"For Peter Parker, life is busy. Between taking out the bad guys as Spider-Man and spending time with the person he loves, Gwen Stacy, high school graduation cannot come quickly enough. Peter has not forgotten about the promise he made to Gwen’s father to protect her by staying away, but that is a promise he cannot keep. Things will change for Peter when a new villain, Electro, emerges, an old friend, Harry Osborn, returns, and Peter uncovers new clues about his past.",249.827,/kV61FAIsRWZP6JhgWFOKug9RbBx.jpg,2014-04-16,The Amazing Spider-Man 2,False,6.5,13153
False,/dn3gbDpXPSwC6saMJOHkCiFA9jn.jpg,"[14, 12, 10751, 35]",974262,en,Descendants: The Rise of Red,"After the Queen of Hearts incites a coup on Auradon, her rebellious daughter Red and Cinderella's perfectionist daughter Chloe join forces and travel back in time to try to undo the traumatic event that set Red's mother down her villainous path.",248.012,/8fYluTtB3b3HKO7KQa5tzrvGaps.jpg,2024-07-11,Descendants: The Rise of Red,False,7.0,359
False,/69zQPqavgtWhpvWS5dOU0sInjez.jpg,[18],1362101,tr,Mavi Mağara,"When Cem finds himself at the brink of losing the love of his life, Alara, he embarks on an expedition to the Blue Cave, Alara's most beloved archeological site, to feel close to her again.",247.22,/32hWYgxMOudSgA6tR8nlVTUtoOi.jpg,2024-10-17,Blue Cave,False,6.9,38
False,/nlG452icactoT6hbqECbSEVfGII.jpg,"[16, 12, 35, 10751, 14]",228326,en,The Book of Life,"The journey of Manolo, a young man who is torn between fulfilling the expectations of his family and following his heart. Before choosing which path to follow, he embarks on an incredible adventure that spans three fantastical worlds where he must face his greatest fears.",247.1,/aotTZos5KswgCryEzx2rlOjFsm1.jpg,2014-10-01,The Book of Life,False,7.544,2662
False,/yjPXIgY3QoHe8Kt8nEJCz97UF3q.jpg,"[36, 18, 10752]",832964,en,Lee,"The true story of photographer Elizabeth 'Lee' Miller, a fashion model who became an acclaimed war correspondent for Vogue magazine during World War II.",246.885,/zdNWyuim8gpJHe1LtKaDrs43dWz.jpg,2024-09-12,Lee,False,6.947,141
False,/4XM8DUTQb3lhLemJC51Jx4a2EuA.jpg,"[28, 80, 53]",385687,en,Fast X,"Over many missions and against impossible odds, Dom Toretto and his family have outsmarted, out-nerved and outdriven every foe in their path. Now, they confront the most lethal opponent they've ever faced: A terrifying threat emerging from the shadows of the past who's fueled by blood revenge, and who is determined to shatter this family and destroy everything—and everyone—that Dom loves, forever.",246.738,/fiVW06jE7z9YnO4trhaMEdclSiC.jpg,2023-05-17,Fast X,False,7.082,5542
False,/tQs7iqsL1szbLZlI99eXVRxDIYB.jpg,[27],1139095,en,Little Bites,"Mindy, a young widow and mother who tries to protect her daughter Alice from a flesh eating monster named Agyar. Mindy has been secretly sacrificing her own life by allowing the creature to feast on her body as she keeps Alice hidden away at her grandmother’s house.",242.643,/11WUy1jqjk2ZMj5UjvfmBAIYDvr.jpg,2024-10-04,Little Bites,False,6.4,24
False,/cnUpZo6sNTdfbFx7ufs7ubi5MWX.jpg,"[18, 10749, 35]",1064213,en,Anora,"Anora, a young sex worker from Brooklyn, gets her chance at a Cinderella story when she meets and impulsively marries the son of an oligarch. Once the news reaches Russia, her fairytale is threatened as the parents set out for New York to get the marriage annulled.",242.621,/xXz6ScxPlLRzL3MtzceNY52Neuq.jpg,2024-10-11,Anora,False,7.511,93
False,/tqSg1hHiSWhHAhnjDhhevaFGsP0.jpg,"[28, 18]",1066262,en,The Convert,"Munro, a soldier turned lay preacher, comes to New Zealand to minister to the first British colonists, but he is converted by the powerful chief Maianui to serve a different purpose.",258.209,/e5ZqqPlhKstzB4geibpZh38w7Pq.jpg,2024-03-14,The Convert,False,6.2,93
False,/mbc28jv0sj0Q4fk0kcO2zasQkO6.jpg,"[10770, 35, 10749, 18]",1359867,en,The Christmas Charade,"A cautious librarian raised by home security experts finds herself in a real-life adventure when a blind date mix-up leads her into an undercover FBI operation. Forced to pose as the girlfriend of Special Agent Josh, she helps him track down an art thief targeting the Saint Nicholas Ruby at a Christmas Eve charity ball.",350.279,/1jgFIqG7haKpxXnckzTw9pzlG4v.jpg,2024-10-26,The Christmas Charade,False,6.7,5
False,/viKEEaaCaZ0hZ2nGuvIEozlLooL.jpg,"[27, 9648, 53]",1023922,en,MaXXXine,"In 1980s Hollywood, adult film star and aspiring actress Maxine Minx finally gets her big break. But as a mysterious killer stalks the starlets of Hollywood, a trail of blood threatens to reveal her sinister past.",286.292,/ArvoFK6nlouZRxYmtIOUzKIrg90.jpg,2024-07-04,MaXXXine,False,6.4,733
False,/1aOPPkXASkd2By3EKIw66Ilx5qF.jpg,"[28, 53]",1094974,en,Take Cover,A burned-out professional sniper finds himself trapped in an all-glass penthouse by a lethal competitor and must find a way to survive and escape with little to no cover between him and the killer.,351.632,/xNLiMNyFzKTL9PVIEulG55Hei8j.jpg,2024-10-04,Take Cover,False,6.737,38
False,/hU1Q9YVzdYhokr8a9gLywnSUMlN.jpg,"[16, 12, 28, 14, 10751]",1147400,fr,"Miraculous World : Paris, Les Aventures de Toxinelle et Griffe Noire","Miraculous holders from another world appear in Paris. They come from a parallel universe where everything is reversed: the holders of Ladybug and Black Cat Miraculouses, Shadybug and Claw Noir, are the bad guys, and the holder of the Butterfly Miraculous, Hesperia, is a superhero. Ladybug and Cat Noir will have to help Hesperia counter the attacks of their evil doubles and prevent them from seizing the Butterfly's Miraculous. Can our heroes also help Hesperia make Shadybug and Claw Noir better people?",226.472,/7Md3nuV0ZprBTnkdR3OrUCEsrSP.jpg,2023-10-21,"Miraculous World: Paris, Tales of Shadybug and Claw Noir",False,7.2,504
False,/tcn8pfSvqntCHrjgHRYlP7b8pUX.jpg,[28],360778,ja,くノ一忍法帖 IV 忠臣蔵秘抄,"The female ninjas have to stop an alliance from carrying out their dastardly deeds, which includes bizarre ninjitsu sex magic to aid them in their quest.",149.382,/7TyWl7VX3dvKxPJUTsu4h9Yh8Az.jpg,1994-03-24,Female Ninjas Magic Chronicles 4: Rebel Forces at the Threshold,False,3.3,3
False,/7cjrEMDo2xDT95fvCNb0CssokxZ.jpg,"[16, 35]",1358947,en,The Most Wonderful Time of the Year,"Sideshow Bob teams up with the most infamous villains of Disney+ to share the true meaning of the Halloween season. Filled with music, mayhem, and madness, this short from ""The Simpsons"" is simply to die for.",221.117,/3ivqP56Jd8RkbDidoe1rGFVGpJZ.jpg,2024-10-11,The Most Wonderful Time of the Year,False,5.6,17
False,/hziiv14OpD73u9gAak4XDDfBKa2.jpg,"[12, 14]",671,en,Harry Potter and the Philosopher's Stone,"Harry Potter has lived under the stairs at his aunt and uncle's house his whole life. But on his 11th birthday, he learns he's a powerful wizard—with a place waiting for him at the Hogwarts School of Witchcraft and Wizardry. As he learns to harness his newfound powers with the help of the school's kindly headmaster, Harry uncovers the truth about his parents' deaths—and about the villain who's to blame.",230.976,/wuMc08IPKEatf9rnMNXvIDxqP4W.jpg,2001-11-16,Harry Potter and the Philosopher's Stone,False,7.914,27293
False,/cnUpZo6sNTdfbFx7ufs7ubi5MWX.jpg,"[18, 10749, 35]",1064213,en,Anora,"Anora, a young sex worker from Brooklyn, gets her chance at a Cinderella story when she meets and impulsively marries the son of an oligarch. Once the news reaches Russia, her fairytale is threatened as the parents set out for New York to get the marriage annulled.",242.621,/xXz6ScxPlLRzL3MtzceNY52Neuq.jpg,2024-10-11,Anora,False,7.505,92
False,/cyKH7pDFlxIXluqRyNoHHEpxSDX.jpg,"[80, 28, 53, 18]",646097,en,Rebel Ridge,A former Marine confronts corruption in a small town when local law enforcement unjustly seizes the bag of cash he needs to post his cousin's bail.,222.777,/xEt2GSz9z5rSVpIHMiGdtf0czyf.jpg,2024-08-27,Rebel Ridge,False,7.0,927
False,/jT4KqFTrR2ofpUUwzKCIn4uYWXp.jpg,"[28, 53]",1331375,en,Dominique,"Dominique, a well-trained assassin, flees from her troubled past in an attempt to begin a new life in South America. However, she soon finds herself in a town plagued with violence and corruption. Facing brutal attacks from the police and mafia, Dominique must decide whether to protect herself or an innocent family that has taken her in.",337.723,/29uKScAbQuKsMEdAn12a6BmvFn7.jpg,2024-10-11,Dominique,False,7.6,23
False,/zQKFPx03M9RKfEcRETXR2HoUZn1.jpg,[10749],587727,ko,가슴 큰 여자친구,"Mincheol and Suhee go to greet Minchul father (grandmother) before marriage. Dae - sik welcomes her daughter - in - law, Su - hee. But before marriage, Minchol and Suhee are separated by the difference in personality. Soon-hee, who was only preparing for marriage, is soon to live.",171.303,/f6PfAXtFEkJRcBtOjbzOgz8qqSK.jpg,2019-03-08,Busty Girlfriend,False,7.1,10
False,,"[53, 28]",1358752,es,Skinford 2: The Curse,,216.56,/auWtuSMLyiViVefPsj9JZA84n9I.jpg,2024-05-20,Skinford 2: The Curse,False,2.0,1
False,/18X5mXS1SpQy5rygEcpbmzUdkVP.jpg,"[18, 10751]",1186532,en,The Forge,"19 year old Isaiah Wright lives for basketball and video games. A year out of high school, he has no job, no plans, and no idea how to be a man. At odds with his single mother Cynthia, Isaiah is given an ultimatum – to step up or move out. Feeling the pull from his friends and the push from his mom, Isaiah is hired by Moore Fitness, unaware of how the owner will personally impact his life. With the prayers of his mother and unexpected guidance from his new mentor, Isaiah is forced to deal with his past, sacrifice his selfishness and discover how God might have a greater purpose for his life.",223.389,/vXW1I7HGZkeGUqw8QpGFiDA31Ih.jpg,2024-08-22,The Forge,False,8.137,131
False,/ncr6KR7bBF8cps6yZKiTAwClpn1.jpg,"[14, 35, 10751]",10439,en,Hocus Pocus,"After 300 years of slumber, three sister witches are accidentally resurrected in Salem on Halloween night, and it is up to three kids and their newfound feline friend to put an end to the witches' reign of terror once and for all.",331.764,/by4D4Q9NlUjFSEUA1yrxq6ksXmk.jpg,1993-07-16,Hocus Pocus,False,7.04,2997
False,/blqiNjJefmY10Wx6y2vgJJWljJj.jpg,"[28, 53]",949484,en,Hounds of War,"After a mission goes wrong, only one of a group of mercenaries is left alive to avenge his fallen brothers.",227.053,/lRBT73EWsiQPuqK3YS3BnBW0Zwi.jpg,2024-08-29,Hounds of War,False,6.43,100
False,/z62CBlBBBOoNUuuxZ1jMAcq5ARE.jpg,"[16, 10749, 14, 10751]",10198,en,The Princess and the Frog,"A waitress, desperate to fulfill her dreams as a restaurant owner, is set on a journey to turn a frog prince back into a human being, but she has to face the same problem after she kisses him.",182.291,/v6nAUs62OJ4DXmnnmPFeVmMz8H9.jpg,2009-12-08,The Princess and the Frog,False,7.215,5553
False,/3W6ifzDqxINcxsZQypwupTPue8m.jpg,"[10749, 18, 35]",323260,cn,鴨王,"Fung looks like a super-heartthrob and was bon with a special endowment, making him the high school idol. He was expelled from school when he was caught fighting on campus. When his mom, the sole provider of his family with her poultry business, had to stop working due to her back problems, Fung decides to support his family financially. And from that moment, his life takes on a tumultuous change…",206.584,/v0YIyJc5EtAGciCZsvqsW2QPRAr.jpg,2015-01-29,The Gigolo,False,5.0,29
False,/mDfJG3LC3Dqb67AZ52x3Z0jU0uB.jpg,"[12, 28, 878]",299536,en,Avengers: Infinity War,"As the Avengers and their allies have continued to protect the world from threats too large for any one hero to handle, a new danger has emerged from the cosmic shadows: Thanos. A despot of intergalactic infamy, his goal is to collect all six Infinity Stones, artifacts of unimaginable power, and use them to inflict his twisted will on all of reality. Everything the Avengers have fought for has led up to this moment - the fate of Earth and existence itself has never been more uncertain.",232.439,/7WsyChQLEftFiDOVTGkv3hFpyyt.jpg,2018-04-25,Avengers: Infinity War,False,8.244,29645
False,/kVd3a9YeLGkoeR50jGEXM6EqseS.jpg,"[16, 28, 12, 878]",569094,en,Spider-Man: Across the Spider-Verse,"After reuniting with Gwen Stacy, Brooklyn’s full-time, friendly neighborhood Spider-Man is catapulted across the Multiverse, where he encounters the Spider Society, a team of Spider-People charged with protecting the Multiverse’s very existence. But when the heroes clash on how to handle a new threat, Miles finds himself pitted against the other Spiders and must set out on his own to save those he loves most.",207.414,/8Vt6mWEReuy4Of61Lnj5Xj704m8.jpg,2023-05-31,Spider-Man: Across the Spider-Verse,False,8.4,6902
False,/2vFuG6bWGyQUzYS9d69E5l85nIz.jpg,"[878, 12, 28]",667538,en,Transformers: Rise of the Beasts,"When a new threat capable of destroying the entire planet emerges, Optimus Prime and the Autobots must team up with a powerful faction known as the Maximals. With the fate of humanity hanging in the balance, humans Noah and Elena will do whatever it takes to help the Transformers as they engage in the ultimate battle to save Earth.",220.342,/gPbM0MK8CP8A174rmUwGsADNYKD.jpg,2023-06-06,Transformers: Rise of the Beasts,False,7.3,4566
False,/iafs5DG5fGq7ef0acl3xlX4BFrs.jpg,"[18, 10770]",1219685,fr,Un père idéal,"Michel, the jovial owner of the only café in a small Normandy town, sees his life turned upside down when his teenage daughter is murdered. The community has his back but soon rumor spreads and Michel is singled out. From the ideal father, he becomes the ideal culprit.",169.984,/4xJd3uwtL1vCuZgEfEc8JXI9Uyx.jpg,2024-04-21,An Ideal Father,False,6.4,98
False,/p9uplKCEPJq4xGJPJJV46KW1dsA.jpg,"[10749, 18, 35]",1100099,en,We Live in Time,"An up-and-coming chef and a recent divorcée find their lives forever changed when a chance encounter brings them together, in a decade-spanning, deeply moving romance.",283.989,/flSncTaSISRqrqoJ18ZBmThR4Ee.jpg,2024-10-10,We Live in Time,False,8.1,31
False,/xOMo8BRK7PfcJv9JCnx7s5hj0PX.jpg,"[878, 12]",693134,en,Dune: Part Two,"Follow the mythic journey of Paul Atreides as he unites with Chani and the Fremen while on a path of revenge against the conspirators who destroyed his family. Facing a choice between the love of his life and the fate of the known universe, Paul endeavors to prevent a terrible future only he can foresee.",220.119,/1pdfLvkbY9ohJlCjQH2CZjjYVvJ.jpg,2024-02-27,Dune: Part Two,False,8.2,5509
False,/zfbjgQE1uSd9wiPTX4VzsLi0rGG.jpg,"[18, 80]",278,en,The Shawshank Redemption,"Imprisoned in the 1940s for the double murder of his wife and her lover, upstanding banker Andy Dufresne begins a new life at the Shawshank prison, where he puts his accounting skills to work for an amoral warden. During his long stretch in prison, Dufresne comes to be admired by the other inmates -- including an older prisoner named Red -- for his integrity and unquenchable sense of hope.",215.543,/9cqNxx0GxF0bflZmeSMuL5tnGzr.jpg,1994-09-23,The Shawshank Redemption,False,8.7,27053
False,/crSL7DkgwyLIaRRIb7xM2ejZbca.jpg,"[878, 10751, 35, 28, 12]",939243,en,Sonic the Hedgehog 3,"Sonic, Knuckles, and Tails reunite against a powerful new adversary, Shadow, a mysterious villain with powers unlike anything they have faced before. With their abilities outmatched in every way, Team Sonic must seek out an unlikely alliance in hopes of stopping Shadow and protecting the planet.",222.333,/mubt4bnVfpJ5lBMq93DidEuMkJr.jpg,2024-12-19,Sonic the Hedgehog 3,False,0.0,0
False,/ctMserH8g2SeOAnCw5gFjdQF8mo.jpg,"[35, 12]",346698,en,Barbie,"Barbie and Ken are having the time of their lives in the colorful and seemingly perfect world of Barbie Land. However, when they get a chance to go to the real world, they soon discover the joys and perils of living among humans.",200.917,/iuFNMS8U5cb6xfzi51Dbkovj7vM.jpg,2023-07-19,Barbie,False,7.0,9063
False,/9juRmk8QjcsUcbrevVu5t8VZy5G.jpg,"[28, 12, 80, 53]",923667,cn,九龍城寨之圍城,"In 1980s Hong Kong, troubled youth Chan Lok-kwun, a mainland refugee, struggles to survive in the Kowloon Walled City by joining underground fights. Betrayed by crime boss Mr. Big while trying to buy a fake ID, he steals drugs from him and seeks refuge in the Walled City, where he encounters Cyclone, a compassionate yet authoritative crime lord.",224.368,/h0tunBO4tMjvKVVG7fXqHgwOr5C.jpg,2024-04-23,Twilight of the Warriors: Walled In,False,6.52,199
False,/jeaf43W4Koo2tWYqHjp45vTx9ST.jpg,[18],390159,es,La invención de la carne,An unlikely relationship forms between two young patients in a hospital.,214.473,/zPbnEjLhOF1wYexwGPYcnb65rEJ.jpg,2009-01-01,The Invention of Flesh,False,4.2,4
False,/fNylhsI3u6NmTxeanFPDEwvT9GS.jpg,"[80, 18, 53]",835113,en,Woman of the Hour,"An aspiring actress crosses paths with a prolific serial killer in '70s LA when they're cast on an episode of ""The Dating Game.""",197.692,/nc9ZqrJFbcUdlMg9lxXXtJb24jU.jpg,2024-10-03,Woman of the Hour,False,6.6,341
False,/vbAIe8DgAfrhkfwK8uiujXQEIoZ.jpg,"[53, 9648, 18, 878]",863873,en,Caddo Lake,"When an 8-year-old girl mysteriously vanishes on Caddo Lake, a series of past deaths and disappearances begin to link together, forever altering a broken family’s history.",185.454,/sv1IoM6xlCdAoOzUmgB9XTnADC.jpg,2024-10-09,Caddo Lake,False,7.3,276
False,/fsPjwLROBhgIhOiEvXAfIOvlxW1.jpg,"[27, 18]",1054561,pt,Abraço de Mãe,A survival horror set in 1996 during one of the biggest tropical storms ever to hit Rio de Janeiro. Ana and her firefighter team must evacuate a nursing home at risk of its collapsing – but they soon find the mysterious residents in the house have other plans.,184.159,/zH3n5p2keYtdBWIqwKhVVLITneE.jpg,2024-10-03,A Mother's Embrace,False,6.375,16
False,/59vDC1BuEQvti24OMr0ZvtAK6R1.jpg,"[14, 12, 16, 10751]",10191,en,How to Train Your Dragon,"As the son of a Viking leader on the cusp of manhood, shy Hiccup Horrendous Haddock III faces a rite of passage: he must kill a dragon to prove his warrior mettle. But after downing a feared dragon, he realizes that he no longer wants to destroy it, and instead befriends the beast – which he names Toothless – much to the chagrin of his warrior father.",161.288,/92olhXYaIX6lvB8jwFz4OSfPaKq.jpg,2010-03-18,How to Train Your Dragon,False,7.83,12927
False,/cDJ61O1STtbWNBwefuqVrRe3d7l.jpg,"[12, 14, 28]",10195,en,Thor,"Against his father Odin's will, The Mighty Thor - a powerful but arrogant warrior god - recklessly reignites an ancient war. Thor is cast down to Earth and forced to live among humans as punishment. Once here, Thor learns what it takes to be a true hero when the most dangerous villain of his world sends the darkest forces of Asgard to invade Earth.",193.755,/prSfAi1xGrhLQNxVSUFh61xQ4Qy.jpg,2011-04-21,Thor,False,6.769,21027
False,/2wrdcWrAN53Pl7ahBWMIKMzXBFF.jpg,"[16, 28, 12, 14, 878]",1134424,th,นักรบมนตรา: ตำนานแปดดวงจันทร์,"A story inspired by the original RAMAYANA, retold in a futuristic universe, involving brave warriors who possess ancient powers from another dimension.",206.364,/sQE0VegwDa0GHjawfNRr1sFgVE2.jpg,2023-10-11,Mantra Warrior: The Legend of The Eight Moons,False,6.4,29
False,/NqqLef2ITlK8olXT4iFuUXFwSh.jpg,"[9648, 53, 27]",840705,en,Blink Twice,"When tech billionaire Slater King meets cocktail waitress Frida at his fundraising gala, he invites her to join him and his friends on a dream vacation on his private island. But despite the epic setting, beautiful people, ever-flowing champagne, and late-night dance parties, Frida can sense that there’s something sinister hiding beneath the island’s lush façade.",201.198,/lZGOK0I2DJSRlEPNOAFTSNxSjDD.jpg,2024-08-21,Blink Twice,False,6.792,758
False,/iwkWvcXcP8M4r9HLglhVEhgGyVu.jpg,"[28, 18, 27, 53]",1001311,fr,Sous la Seine,"In order to save Paris from an international bloodbath, a grieving scientist is forced to face her tragic past when a giant shark appears in the Seine.",205.055,/qZPLK5ktRKa3CL4sKRZtj8UlPYc.jpg,2024-06-04,Under Paris,False,6.0,1154
False,/zBG5Mg29NH9xxpWMMG7BIvKwYhL.jpg,"[10749, 18]",829557,pl,365 dni: Ten dzień,"Laura and Massimo are back and hotter than ever. But the reunited couple's new beginning is complicated by Massimo’s family ties and a mysterious man who enters Laura’s life to win her heart and trust, at any cost.",203.172,/7qU0SOVcQ8BTJLodcAlulUAG16C.jpg,2022-04-26,365 Days: This Day,False,5.864,1515
False,/tmU7GeKVybMWFButWEGl2M4GeiP.jpg,"[18, 80]",238,en,The Godfather,"Spanning the years 1945 to 1955, a chronicle of the fictional Italian-American Corleone crime family. When organized crime family patriarch, Vito Corleone barely survives an attempt on his life, his youngest son, Michael steps in to take care of the would-be killers, launching a campaign of bloody revenge.",228.063,/3bhkrj58Vtu7enYsRolD1fZdja1.jpg,1972-03-14,The Godfather,False,8.7,20546
False,/xjotE7aFdZ0D8aGriYjFOtDayct.jpg,"[14, 12, 28, 10751, 10749]",102651,en,Maleficent,"A beautiful, pure-hearted young woman, Maleficent has an idyllic life growing up in a peaceable forest kingdom, until one day when an invading army threatens the harmony of the land. She rises to be the land's fiercest protector, but she ultimately suffers a ruthless betrayal – an act that begins to turn her heart into stone. Bent on revenge, Maleficent faces an epic battle with the invading King's successor and, as a result, places a curse upon his newborn infant Aurora. As the child grows, Maleficent realizes that Aurora holds the key to peace in the kingdom – and to Maleficent's true happiness as well.",305.36,/bDG3yei6AJlEAK3A5wN7RwFXQ7V.jpg,2014-05-28,Maleficent,False,7.095,13030
False,/xZ2we4gdiwQmg6D1w9qHlAm5yIf.jpg,"[35, 12, 14, 16, 10751]",10192,en,Shrek Forever After,"A bored and domesticated Shrek pacts with deal-maker Rumpelstiltskin to get back to feeling like a real ogre again, but when he's duped and sent to a twisted version of Far Far Away—where Rumpelstiltskin is king, ogres are hunted, and he and Fiona have never met—he sets out to restore his world and reclaim his true love.",195.421,/6HrfPZtKcGmX2tUWW3cnciZTaSD.jpg,2010-05-16,Shrek Forever After,False,6.4,7296
False,/kMZIMqEXO5MFd5Y1Ha2jZZF4pvF.jpg,"[27, 9648]",882598,en,Smile,"After witnessing a bizarre, traumatic incident involving a patient, Dr. Rose Cotter starts experiencing frightening occurrences that she can't explain.",198.173,/aPqcQwu4VGEewPhagWNncDbJ9Xp.jpg,2022-09-23,Smile,False,6.7,3142
False,/4BXIBNeYpKkOrYtRVXpGCwHj3Ve.jpg,"[10752, 18]",983044,no,Konvoi,"In 1942, a convoy of 35 civilian ships, carrying vital supplies from Iceland to the Soviet Union, faces deadly challenges in the Arctic. Despite Allied naval escort, catastrophic intelligence errors expose the convoy to relentless German air and naval attacks. In the brutal conditions, inexperienced civilian sailors fight for survival, with only 12 ships making it to their destination.",191.823,/3iUVHcDUhDe1lUBcPYtd919MJpb.jpg,2023-12-25,The Arctic Convoy,False,6.7,50
False,/9GzQ4bT6gdeq4fKMrzpJLwx40sI.jpg,"[878, 53, 27]",1042657,en,Latency,"When professional gamer Hana, who suffers from acute agoraphobia, receives new equipment that enhances her game, she begins to wonder if it is reading her mind – or controlling it.",300.577,/oeSUxCFa0LFsExzTvuz2wjaObyU.jpg,2024-06-14,Latency,False,5.5,30
False,/ulxlhYuVYzDNwnLt49AYjwUUowZ.jpg,[35],1362961,es,Intercambiadas,"One enchanted night, during a meteor shower, young Sebastián made a heartfelt wish: for his loving nanny, Lupe, to become his mother, for her warmth and care were what he longed for, unlike his busy mother, Paola. The stars listened, and in their mysterious way, granted his wish, exchanging the roles of the two women, leading to a whimsical adventure full of unexpected laughs and heartwarming chaos.",299.541,/AnvUGHyV21rJOG9KyJojJNHg3nA.jpg,2024-09-27,Intercambiadas,False,8.1,11
False,/61yrVrkOH75fUtExDZ4Hi0KqOmc.jpg,"[27, 53, 35]",1225377,en,The Mouse Trap,"It's Alex's 21st Birthday, but she's stuck at the amusement arcade on a late shift so her friends decide to surprise her, but a masked killer dressed as Mickey Mouse decides to play a game of his own with them which she must survive.",174.949,/3ovFaFeojLFIl5ClqhtgYMDS8sE.jpg,2024-08-23,The Mouse Trap,False,4.4,38
False,/aX1P75MWK5BzjqPh8fR8HQoX27s.jpg,"[18, 35]",1029955,en,Kinds of Kindness,"A triptych fable following a man without choice who tries to take control of his own life; a policeman who is alarmed that his wife who was missing-at-sea has returned and seems a different person; and a woman determined to find a specific someone with a special ability, who is destined to become a prodigious spiritual leader.",298.371,/8mmpltkcG9areafsQHXaURedno3.jpg,2024-05-30,Kinds of Kindness,False,6.578,730
False,/jf1V00dZdNkVfEq7VPk8frrlELk.jpg,"[27, 9648]",748230,en,Salem's Lot,Author Ben Mears returns to his childhood home of Jerusalem's Lot only to discover his hometown is being preyed upon by a bloodthirsty vampire.,176.467,/j7ncdqBVufydVzVtxmXu8Ago4ox.jpg,2024-10-03,Salem's Lot,False,6.279,348
False,/8xVvEvOrtxVSWN3wpIdHozozyMb.jpg,"[35, 18]",1218193,ca,Casa en flames,"Montse, divorced and with two children who have long since ignored her, has been preparing for a family reunion at her home on the Costa Brava. Nothing, absolutely nothing, will prevent her from enjoying one last weekend with her family.",167.667,/62XgBKjAcKP0xarT4zJeZZPmfGT.jpg,2024-06-28,A House On Fire,False,7.1,28
False,/j29ekbcLpBvxnGk6LjdTc2EI5SA.jpg,"[16, 10751, 12, 18, 35]",150540,en,Inside Out,"When 11-year-old Riley moves to a new city, her Emotions team up to help her through the transition. Joy, Fear, Anger, Disgust and Sadness work together, but when Joy and Sadness get lost, they must journey through unfamiliar places to get back home.",208.633,/2H1TmgdfNtsKlU9jKdeNyYL5y8T.jpg,2015-06-17,Inside Out,False,7.912,21872
False,/jfC2xCBD8a5QJNd5yY3q23E8i7U.jpg,"[28, 80, 18]",1186947,pt,Bandida - A Número Um,"At the age of nine, Rebeca is sold by her grandmother to the bookseller who ran Rocinha. Disputed by bicheiros and drug dealers, the community is going through changes in power. Rebeca becomes the wife of the chief drug dealer and, with the death of her partner, his successor. The electrifying trajectory of crime, violence, drugs and love of a female drug kingpin in Rocinha, Rio de Janeiro in the 1980s.",200.736,/rGS8SzheANVQicNba0GCE6w1XHb.jpg,2024-06-20,Outlaw,False,6.0,87
False,/ansCWyqoyjLEueDXOUZeLrQlZ9J.jpg,"[28, 80, 53]",1010161,en,The Clean Up Crew,"When a crime scene clean up crew discovers a briefcase full of money, they must out smart a criminal kingpin and corrupt FBI agents who want it back.",167.174,/oinz9e5xvcn0hDQZyWUGPJ0oVye.jpg,2024-09-12,The Clean Up Crew,False,5.1,5
False,/9n2tJBplPbgR2ca05hS5CKXwP2c.jpg,"[16, 10751, 12, 14, 35]",502356,en,The Super Mario Bros. Movie,"While working underground to fix a water main, Brooklyn plumbers—and brothers—Mario and Luigi are transported down a mysterious pipe and wander into a magical new world. But when the brothers are separated, Mario embarks on an epic quest to find Luigi.",203.107,/qNBAXBIQlnOThrVvA6mA2B5ggV6.jpg,2023-04-05,The Super Mario Bros. Movie,False,7.649,9068
False,/xKJTWGvheOMMlTHgrjN18KaD9Ra.jpg,"[27, 53]",1174618,en,Alice in Terrorland,"A recently bereaved teenage girl goes to live with her aunt in a secluded woodland house, unaware that sinister forces lurk within.",287.459,/5XJGvr8g9jkmN6KUIOQOj2iE6K4.jpg,2023-12-26,Alice in Terrorland,False,6.015,162
False,/xJHokMbljvjADYdit5fK5VQsXEG.jpg,"[12, 18, 878]",157336,en,Interstellar,The adventures of a group of explorers who make use of a newly discovered wormhole to surpass the limitations on human space travel and conquer the vast distances involved in an interstellar voyage.,187.185,/gEU2QniE6E77NI6lCU6MxlNBvIx.jpg,2014-11-05,Interstellar,False,8.442,35490
False,/aQCCpAIdWAp6wyFgjMry4okwrZo.jpg,"[27, 53]",138843,en,The Conjuring,"Paranormal investigators Ed and Lorraine Warren work to help a family terrorized by a dark presence in their farmhouse. Forced to confront a powerful entity, the Warrens find themselves caught in the most terrifying case of their lives.",174.738,/wVYREutTvI2tmxr6ujrHT704wGF.jpg,2013-07-18,The Conjuring,False,7.5,11470
False,/jr8tSoJGj33XLgFBy6lmZhpGQNu.jpg,"[16, 12, 14, 35, 10751]",315162,en,Puss in Boots: The Last Wish,"Puss in Boots discovers that his passion for adventure has taken its toll: He has burned through eight of his nine lives, leaving him with only one life left. Puss sets out on an epic journey to find the mythical Last Wish and restore his nine lives.",199.657,/kuf6dutpsT0vSVehic3EZIqkOBt.jpg,2022-12-07,Puss in Boots: The Last Wish,False,8.2,7703
False,/9ifX42tfIXLCXx7Kf52Nf6e38hb.jpg,[27],1331344,es,No Voltees,"When two siblings return to their childhood home, they are confronted by a violent, supernatural presence that dwells deep within their worst traumas.",175.094,/g3ZeqO6cNvr6cbfUn2FYZ7wAZ6f.jpg,2024-09-20,No Voltees,False,8.4,5
False,/uAfhsySkr1UzQg1zdg3dZQRz9Fd.jpg,"[16, 10751, 35]",10193,en,Toy Story 3,"Woody, Buzz, and the rest of Andy's toys haven't been played with in years. With Andy about to go to college, the gang find themselves accidentally left at a nefarious day care center. The toys must band together to escape and return home to Andy.",223.922,/AbbXspMOwdvwWZgVN0nabZq03Ec.jpg,2010-06-16,Toy Story 3,False,7.8,14585
False,/criPrxkTggCra1jch49jsiSeXo1.jpg,"[878, 12, 28]",609681,en,The Marvels,"Carol Danvers, aka Captain Marvel, has reclaimed her identity from the tyrannical Kree and taken revenge on the Supreme Intelligence. But unintended consequences see Carol shouldering the burden of a destabilized universe. When her duties send her to an anomalous wormhole linked to a Kree revolutionary, her powers become entangled with that of Jersey City super-fan Kamala Khan, aka Ms. Marvel, and Carol’s estranged niece, now S.A.B.E.R. astronaut Captain Monica Rambeau. Together, this unlikely trio must team up and learn to work in concert to save the universe.",164.962,/9GBhzXMFjgcZ3FdR9w3bUMMTps5.jpg,2023-11-08,The Marvels,False,6.072,2654
